Recepcion;Orden de compra;Folio;Tipo DTE SII Acepta;Fecha Emisión;Fecha de Vencimiento;Periodo;Url;Estado del Documento en Compras;Monto Neto;Monto IVA;Monto Total
RA-5422;OC-MONTT3793;62340;1;15/06/2026;15/07/2026;143;https://windte2606.acepta.com/v01/A074E2250C38C6AB4467F9BDB04E5A11A3E603DF;1;3280500;623295;3903795
RA-6589;OC-MONTT4480;13126;1;30/06/2026;30/07/2026;143;https://windte2606.acepta.com/v01/A7C487E757AF2E1C30F1F0687FEBC701E18E7D56;1;280000;53200;333200
RA-5555;OC-MONTT3694;85605;1;17/06/2026;17/07/2026;143;https://windte2606.acepta.com/v01/80AD64F726EBEED18F22178944912235E2E476C9;1;96000;18240;114240
RA-6363;OC-MONTT4229;85895;1;30/06/2026;30/07/2026;143;https://windte2606.acepta.com/v01/BB22ECCE72A2B89D6582803D6DBAEE64B100AC1B;1;157640;29952;187592
RA-6287;OC-MONTT4358;247283;1;26/06/2026;26/07/2026;143;https://windte2606.acepta.com/v01/E5DC952DDC71E934E652E91A3CA2FE63B6478CC0;1;798296;151676;949972
RA-5506;OC-MONTT3996;50475;1;19/06/2026;19/07/2026;143;https://windte2606.acepta.com/v01/39AAB7DD6551A2C1CFA0049B5BC336DC6C9BDE36;1;170033;32306;202339
RA-5750;OC-MONTT4014;50476;1;19/06/2026;19/07/2026;143;https://windte2606.acepta.com/v01/1DD4E86D743105421DB1393D7284B467F9888FAB;1;1104298;209817;1314115
RA-5754;OC-MONTT4020;50477;1;19/06/2026;19/07/2026;143;https://windte2606.acepta.com/v01/67FE52D34557280E91CD12E1B026A845CB51921B;1;1123852;213532;1337384
RA-5758;OC-MONTT4033;50478;1;19/06/2026;19/07/2026;143;https://windte2606.acepta.com/v01/C9FB742F180136664E6E709C39B9A3BCF5E7E138;1;310000;58900;368900
RA-5857;OC-MONTT4183;50831;1;25/06/2026;25/07/2026;143;https://windte2606.acepta.com/v01/6E22FA9AB4AE81AD1236FB31FB26AD1E2BDDB23D;1;89320;16971;106291
RA-5856;OC-MONTT4182;50832;1;25/06/2026;25/07/2026;143;https://windte2606.acepta.com/v01/4B722F667605176FC4CDF8AD30F7FD4864F80C1D;1;89320;16971;106291
RA-6304;OC-MONTT4369;51092;1;27/06/2026;27/07/2026;143;https://windte2606.acepta.com/v01/7AE4310754EF135F20E6136B5E530420A022DCF1;1;1129803;214663;1344466
RA-6314;OC-MONTT4360;51093;1;27/06/2026;27/07/2026;143;https://windte2606.acepta.com/v01/02047DECEC10DCB2A02B150F0C48888BC5493EB3;1;1123852;213532;1337384
RA-6303;OC-MONTT4370;51094;1;27/06/2026;27/07/2026;143;https://windte2606.acepta.com/v01/0300F99B948CD828F0128CDDDAC254B3B5E594E6;1;1272306;241738;1514044
RA-6302;OC-MONTT4371;51095;1;27/06/2026;27/07/2026;143;https://windte2606.acepta.com/v01/7AF5C0FB2A22AC30B704EDAC7004EED0E0B3E718;1;981752;186533;1168285
RA-6286;OC-MONTT4357;51096;1;27/06/2026;27/07/2026;143;https://windte2606.acepta.com/v01/0C9581AA0DCDBE4F21461C5764A5E7C3DE7E05F4;1;344984;65547;410531
RA-6675;OC-MONTT4313;961209;1;27/06/2026;27/07/2026;143;https://windte2606.acepta.com/v01/14A911469BAAAABCF4385F89B20F0360FE9835D4;1;1771300;336547;2107847
RA-4451;OC-MONTT3351;961424;1;27/06/2026;27/07/2026;143;https://windte2606.acepta.com/v01/14A911469BAAAABCF4385F89B20F0360FE9835D4;1;1771300;336547;2107847
RA-4468;OC-MONTT3386;961425;1;30/06/2026;30/07/2026;143;https://windte2606.acepta.com/v01/678959C5C4286E64E0F0BB4E9DD62DEE933384AB;1;220590;41912;262502
RA-5087;OC-MONTT3749;961721;1;30/06/2026;30/07/2026;143;https://windte2606.acepta.com/v01/632C8FB8FF7AEA9E5A2CE389564F6CFE4FAC800E;1;220590;41912;262502
RA-4866;OC-MONTT3609;961766;1;30/06/2026;30/07/2026;143;https://windte2606.acepta.com/v01/2D4A19095D3E39F76E9F2493C9ABD289CDDB353C;1;220590;41912;262502
RA-5322;OC-MONTT3896;961767;1;30/06/2026;30/07/2026;143;https://windte2606.acepta.com/v01/EEA4AAEDCB099AC9A299ADA4FFD222BEDA29D73E;1;441180;83824;525004
RA-5858;OC-MONTT4184;961976;1;30/06/2026;30/07/2026;143;https://windte2606.acepta.com/v01/3AC6F620B85D33563C9860B0217D185F306A6518;1;441180;83824;525004
RA-5466;OC-MONTT3887;404457;1;15/06/2026;15/07/2026;143;https://windte2606.acepta.com/v01/3B291D911D798FC403F1E636B01E86D7A5D1C77C;1;5950800;1130652;7081452
RA-6447;OC-MONTT4423;420554;1;15/06/2026;15/07/2026;143;https://windte2606.acepta.com/v01/1DCF407B2B285A466A1D35A22EE4C4061EA305B2;1;1080000;205200;1285200
RA-6794;OC-MONTT4439;132094;1;30/06/2026;30/07/2026;143;https://windte2606.acepta.com/v01/AACDA9707F21041B777F3F9B373AC99AF877C333;1;274006;52061;326067
RA-5292;OC-MONTT3851;93151;1;17/06/2026;17/07/2026;143;https://windte2606.acepta.com/v01/8EA2F7F41FBCA9CA6D3BB0718CC194A51080A079;1;220000;41800;261800
RA-5295;OC-MONTT3854;93152;1;17/06/2026;17/07/2026;143;https://windte2606.acepta.com/v01/1117A3C496F71C2A5EF2D8EE4874AF96A419948A;1;85000;16150;101150
RA-5290;OC-MONTT3849;93153;1;17/06/2026;17/07/2026;143;https://windte2606.acepta.com/v01/42DEFE164FDBBEAC81D220348EEE9C7D0FF933A3;1;715000;135850;850850
RA-5479;OC-MONTT3817;93154;1;17/06/2026;17/07/2026;143;https://windte2606.acepta.com/v01/228D87ECED99D4E9FFD086503098BD0825BD6DA5;1;1288000;244720;1532720
RA-5480;OC-MONTT3883;93155;1;17/06/2026;17/07/2026;143;https://windte2606.acepta.com/v01/D8E6546EB2CFB6160C2256421928DE3A760DCDA4;1;308000;58520;266520
RA-6264;OC-MONTT4345;93478;1;26/06/2026;26/07/2026;143;https://windte2606.acepta.com/v01/5B5376B9261E270CBEBD40A5BA0CFE27F8DDEC6D;1;1333000;253270;1586270
RA-6267;OC-MONTT4348;93480;1;26/06/2026;26/07/2026;143;https://windte2606.acepta.com/v01/3D4759D86D6A0B4E01C2EC495477EE36283CC43D;1;85000;16150;101150
RA-5381;OC-MONTT3831;425440;1;16/06/2026;16/07/2026;143;https://windte2606.acepta.com/v01/D9CA33EAEED44BDD80E11DEE51F8DEC23A91B4C9;1;99800;18962;118762
RA-4445;OC-MONTT3342;425618;1;17/06/2026;17/07/2026;143;https://windte2606.acepta.com/v01/EBD602D8C1FAB28DB62E6395D485735DD58DD08F;1;395136;75076;470212
RA-4868;OC-MONTT3611;426007;1;19/06/2026;19/07/2026;143;https://windte2606.acepta.com/v01/AFD86BE70913A26CDCFB7BC6D0A44F837C31C85C;1;43792;8320;52112
RA-4861;OC-MONTT3603;426008;1;19/06/2026;19/07/2026;143;https://windte2606.acepta.com/v01/CE76E782A5D766EFD156BA8CA7D71317E9E8C597;1;325920;61925;387845
RA-4860;OC-MONTT3602;426010;1;19/06/2026;19/07/2026;143;https://windte2606.acepta.com/v01/4A6AA3B14C78181EA8009279D171A8FE851F1DF5;1;282128;53604;335732
RA-5795;OC-MONTT4095;426081;1;22/06/2026;22/07/2026;143;https://windte2606.acepta.com/v01/2C1BD20AFEF7DE40744CF17505180AFDB3321B8C;1;582350;110647;692997
RA-6334;OC-MONTT4314;426982;1;30/06/2026;30/07/2026;143;https://windte2606.acepta.com/v01/1FF01CB79E50071C716853A3168E5F0271608795;1;451000;85690;536690
RA-6678;OC-MONTT4440;427141;1;30/06/2026;30/07/2026;143;https://windte2606.acepta.com/v01/0BD72500D4635DBDAF4517B636C8E68A34A65F88;1;328000;62320;390320
RA-5879;OC-MONTT4083;771494;1;19/06/2026;19/07/2026;143;https://windte2606.acepta.com/v01/983AB689524F1D442FBDEFDD919C747CA4EC4498;1;14687;2791;17478
RA-6169;OC-MONTT4134;772049;1;22/06/2026;22/07/2026;143;https://windte2606.acepta.com/v01/AD9FE7183005D8FF6184116F36BA92448C7C7BE2;1;870487;165393;1035880
RA-6491;OC-MONTT4408;774828;1;26/06/2026;26/07/2026;143;https://windte2606.acepta.com/v01/72C063ACCBA4FC2DFAB69FF7043189A49C3E996D;1;336570;63948;400518
RA-4577;OC-MONTT3133;79676;1;19/06/2026;19/07/2026;143;https://windte2606.acepta.com/v01/67B426D9A18D68F584B9571CD56A3FCDEBFCF349;1;760000;144400;904400
RA-6816;OC-MONTT4294;79756;1;25/06/2026;25/07/2026;143;https://windte2606.acepta.com/v01/677E515C5CD6FAAD8BB2F749F6010856201B66BB;1;872988;165868;1038856
RA-4855;OC-MONTT3594;1121856;1;15/06/2026;15/07/2026;143;https://windte2606.acepta.com/v01/6FC7895F4383A50229961ECDE0AF90A2ED6CA900;1;115000;21850;136850
RA-4791;OC-MONTT3591;1121864;1;15/06/2026;15/07/2026;143;https://windte2606.acepta.com/v01/6C0253D6B1DF6A8C6F9356D190C6D0B99F104225;1;1160000;220400;1380400
RA-5063;OC-MONTT3707;1122099;1;16/06/2026;16/07/2026;143;https://windte2606.acepta.com/v01/0143F6AF0EEDC91A994C7EFF3A9A6FC41D14A47C;1;1037199;197068;1234267
RA-5305;OC-MONTT3865;1122318;1;16/06/2026;16/07/2026;143;https://windte2606.acepta.com/v01/AEF76C82D554DCEDFE5A50E3119D805B43E82A42;1;826717;157076;983793
RA-5308;OC-MONTT3877;1122322;1;16/06/2026;16/07/2026;143;https://windte2606.acepta.com/v01/F6D0DBF3139B4DB291AB884C230E91E2127CC540;1;106636;20261;126897
RA-5312;OC-MONTT3891;1122329;1;16/06/2026;16/07/2026;143;https://windte2606.acepta.com/v01/BAF91740208213D487AC1F85EAB880D0F4F3827D;1;462090;87797;549887
RA-5313;OC-MONTT3892;1122336;1;16/06/2026;16/07/2026;143;https://windte2606.acepta.com/v01/24D20B63849080DE426CE53640C25198FBFABEC8;1;482729;91719;574448
RA-5320;OC-MONTT3895;1122344;1;16/06/2026;16/07/2026;143;https://windte2606.acepta.com/v01/FB92653A23E1EDBFFA15CE37385925854CE7C05A;1;524007;99561;623568
RA-4877;OC-MONTT3619;1122480;1;17/06/2026;17/07/2026;143;https://windte2606.acepta.com/v01/385E63BAB5FE97743F124089BA0AF56CF99D806D;1;136500;25935;162435
RA-4863;OC-MONTT3605;1122756;1;17/06/2026;17/07/2026;143;https://windte2606.acepta.com/v01/036874B4FDD4DD4D4CC4AF54EA6DDCD6B91C0B96;1;395267;75101;470368
RA-5294;OC-MONTT3853;1122836;1;18/06/2026;18/07/2026;143;https://windte2606.acepta.com/v01/3B194271CF3F124058FB083A20C0BB82A995438F;1;115000;21850;136850
RA-5293;OC-MONTT3852;1122841;1;18/06/2026;18/07/2026;143;https://windte2606.acepta.com/v01/67679015C2F873421E7334A1C4312E1E09F016D2;1;880000;167200;1047200
RA-4259;OC-MONTT3102;1122844;1;18/06/2026;18/07/2026;143;https://windte2606.acepta.com/v01/41C299E261AE93865C5D8C3067D12D596F9071FF;1;2872200;545718;3417918
RA-5289;OC-MONTT3848;1122846;1;18/06/2026;18/07/2026;143;https://windte2606.acepta.com/v01/1D63A3212C732944BC18FDFBCA158728A04A4AB4;1;185000;35150;220150
RA-5287;OC-MONTT3846;1122847;1;18/06/2026;18/07/2026;143;https://windte2606.acepta.com/v01/C2C39EE5685C335D70E59D66369553A2946462C9;1;1160000;220400;1380400
RA-4246;OC-MONTT3072;1123191;1;18/06/2026;18/07/2026;143;https://windte2606.acepta.com/v01/1EFC4BCBF07D418DB1BB5FDFFD70CE8444F0CBD7;1;1500000;285000;1785000
RA-5504;OC-MONTT3992;1123198;1;18/06/2026;18/07/2026;143;https://windte2606.acepta.com/v01/4473F1B4DE3D6A339D3645C04C728B3A7BAF8FC4;1;480574;91309;571883
RA-4641;OC-MONTT3439;1123202;1;18/06/2026;18/07/2026;143;https://windte2606.acepta.com/v01/997337636B47FFD6844895AF57E22888826EDB77;1;1500000;285000;1785000
RA-5286;OC-MONTT3845;1123340;1;19/06/2026;19/07/2026;143;https://windte2606.acepta.com/v01/4F0BDCC687BC267C4271F5755CE2DC4612BF972C;1;2345000;445550;2790550
RA-5291;OC-MONTT3850;1123397;1;19/06/2026;19/07/2026;143;https://windte2606.acepta.com/v01/872F38800B804451DD90FC01A08642BB5020CA43;1;975000;185250;1160250
RA-5285;OC-MONTT3844;1123856;1;22/06/2026;22/07/2026;143;https://windte2606.acepta.com/v01/E2127D4BA018F0AE66F9913E17CC239491BC1CA7;1;800000;152000;952000
RA-4253;OC-MONTT2896;1125779;1;26/06/2026;26/07/2026;143;https://windte2606.acepta.com/v01/D622AE1F016FE942E167659558FBD5D6D691AA4E;1;1008000;191520;1199520
RA-4403;OC-MONTT3192;1125784;1;26/06/2026;26/07/2026;143;https://windte2606.acepta.com/v01/6A24EBB5B49317CC4988F632020273D7378069CA;1;1008000;191520;1199520
RA-6159;OC-MONTT4295;1126252;1;29/06/2026;29/07/2026;143;https://windte2606.acepta.com/v01/786B9561BBD36C08511211FE16635B11E5241DCB;1;407832;77488;485320
RA-6315;OC-MONTT4361;1126312;1;29/06/2026;29/07/2026;143;https://windte2606.acepta.com/v01/C4B6EBB01C8F0991B6A9B7AD0DAE81B9DD4D72AF;1;399485;75902;475387
RA-6602;OC-MONTT4484;1126627;1;30/06/2026;30/07/2026;143;https://windte2606.acepta.com/v01/E15E1CD2A62A9FD237708C80EAA6DFA9D3DDCDA6;1;241400;45866;287266
RA-6593;OC-MONTT4444;1126686;1;30/06/2026;30/07/2026;143;https://windte2606.acepta.com/v01/29B18350250DBF25E04FDBB2BBDEFAF0A11E56DB;1;27644;5252;32896
RA-5749;OC-MONTT4010;1126688;1;30/06/2026;30/07/2026;143;https://windte2606.acepta.com/v01/5866177CA9A878FAFAA87AD6643D75D7E85CA1B0;1;51277;9743;61020
RA-5749;OC-MONTT4010;1126708;1;30/06/2026;30/07/2026;143;https://windte2606.acepta.com/v01/8BECE7E9EA594A101BE9EB6A94871C0AC5B0E0F2;1;37160;7250;45410
RA-6715;OC-MONTT4180;1126721;1;30/06/2026;30/07/2026;143;https://windte2606.acepta.com/v01/0F3B7C91A1E1480CB8B1AFBC94C8126480E8560C;1;190799;36252;227051
RA-6313;OC-MONTT4362;1126722;1;30/06/2026;30/07/2026;143;https://windte2606.acepta.com/v01/E5F818C9CFFC9107741D86102D5E8ADA06003833;1;399485;75902;475387
RA-6716;OC-MONTT4176;1126733;1;30/06/2026;30/07/2026;143;https://windte2606.acepta.com/v01/2CA7DDA094E950A32B0FB4090AFFE580EDF069C4;1;190799;36252;227051
RA-6795;OC-MONTT4431;31995;1;30/06/2026;30/07/2026;143;https://windte2606.acepta.com/v01/5BB9BEBF8F351A57ECE12F41E2CD4241AD6E941D;1;135000;25650;160650
RA-5303;OC-MONTT3863;11556;1;15/06/2026;15/07/2026;143;https://windte2606.acepta.com/v01/5023AEF03E664E34BBE8157FBBCB90924F6C1421;1;1793075;340684;2133759
RA-5751;OC-MONTT4016;11610;1;19/06/2026;19/07/2026;143;https://windte2606.acepta.com/v01/1BD80DA1852EB9D46419C4257616B02414E24201;1;270500;51395;321895
RA-6270;OC-MONTT4350;10301;1;26/06/2026;26/07/2026;143;https://windte2606.acepta.com/v01/65AE84582C54264F0801C7C9D2055C8CAF70EA68;1;5277300;1002687;6279987
RA-6281;OC-MONTT4354;10307;1;26/06/2026;26/07/2026;143;https://windte2606.acepta.com/v01/65AE84582C54264F0801C7C9D2055C8CAF70EA68;1;5277300;1002687;6279987
RA-6698;OC-MONTT4446;6823;1;30/06/2026;30/07/2026;143;https://windte2606.acepta.com/v01/5A41ACAB0ACDB4B10C771A705B8751E891E45299;1;330000;62700;392700
RA-6893;OC-MONTT4403;22486;1;30/06/2026;30/07/2026;143;https://windte2606.acepta.com/v01/3006CF8ADBEE4923337C89B24128F4458BF8838B?;1;133266;25321;158587
RA-5779;OC-MONTT3188;4556228;1;2/06/2026;2/07/2026;143;https://windte2606.acepta.com/v01/42795A64DE004E45AA816FF056529D7B362E3112;1;280944;53379;334323
RA-5778;OC-MONTT3188;4556230;1;2/06/2026;2/07/2026;143;https://windte2606.acepta.com/v01/401A2761717B9054988729411D559BD05ADE041B;1;54180;10294;64474
RA-5777;OC-MONTT3188;4556233;1;2/06/2026;2/07/2026;143;https://windte2606.acepta.com/v01/24523A4B158BDCE51404FD0B484A37537C97A03D;1;121973;23175;145148
RA-6588;OC-MONTT4448;10980;1;30/06/2026;30/07/2026;143;https://windte2606.acepta.com/v01/645D332E66F250E91E26F6C7296300997DD217B1;1;302100;57399;359499
RA-6474;OC-MONTT4261;670125;1;30/06/2026;30/07/2026;143;https://windte2606.acepta.com/v01/478697F38432384C514559AF597EA6CB19DEED62;1;65790;12500;78290
RA-6911;OC-MONTT4432;670268;1;30/06/2026;30/07/2026;143;https://windte2606.acepta.com/v01/87806AF4D702A68851CE21304D810A79C05436EB;1;257664;48956;306620
RA-6791;OC-MONTT4432;671417;1;30/06/2026;30/07/2026;143;https://windte2606.acepta.com/v01/294E5C0DB3E0851BF0E99F17D6E8CAFA94F06B8F;1;38465;7308;45773
RA-6685;OC-MONTT4429;12273708;1;30/06/2026;30/07/2026;143;https://windte2606.acepta.com/v01/714F01D9444E565E5EC5132BF66A4A19555A0B7E;1;308436;58603;367039
RA-6003;OC-MONTT4078;23642;1;19/06/2026;19/07/2026;143;https://windte2606.acepta.com/v01/277EB0446F0623736678F843B73991D7B9B8534B;1;3020000;573800;3593800
RA-6004;OC-MONTT4078;23643;1;19/06/2026;19/07/2026;143;https://windte2606.acepta.com/v01/4052E6E1B4955B988A0C89EAED7B513BD9B94E12;1;374000;71060;445060
RA-5424;OC-MONTT3903;77809;1;17/06/2026;17/07/2026;143;https://windte2606.acepta.com/v01/5A311713D7106FFD61FFF60E1CF36DDE00C55124;1;181600;34504;216104
RA-5425;OC-MONTT3822;77810;1;17/06/2026;17/07/2026;143;https://windte2606.acepta.com/v01/BA73C3BE952CB2A983C0C43CE287DA76DDD9F9B8;1;180000;34200;214200
RA-5426;OC-MONTT3822;77811;1;17/06/2026;17/07/2026;143;https://windte2606.acepta.com/v01/BFBCB36698AB89EB6F47187F3E1E9F54D8EFFB28;1;99000;18810;117810
RA-6599;OC-MONTT4486;78235;1;30/06/2026;30/07/2026;143;https://windte2606.acepta.com/v01/9301113D8DC203C9697A565B275CF1CE45221601;1;131000;24890;155890
RA-6603;OC-MONTT4430;78239;1;30/06/2026;30/07/2026;143;https://windte2606.acepta.com/v01/0A8256DC4BD06DBB677941A139FA0DCEF0762082;1;133600;25384;158984
RA-6598;OC-MONTT4449;78240;1;30/06/2026;30/07/2026;143;https://windte2606.acepta.com/v01/2451E97CFE3ABD5344C00C108BCAC6819A8C32C9;1;430010;81702;511712
RA-5299;OC-MONTT3860;9607;1;16/06/2026;16/07/2026;143;https://windte2606.acepta.com/v01/367E256CE6A270023BEFF13B351251A132A19A81;1;817000;155230;972230
RA-6645;OC-MONTT4532;693169;1;30/06/2026;30/07/2026;143;https://windte2606.acepta.com/v01/308C3CCDDBAF53744BC4E611B723C71D04E26AB6;1;77500;14725;92225
RA-6661;OC-MONTT4450;693170;1;30/06/2026;30/07/2026;143;https://windte2606.acepta.com/v01/44A132D8D91ED318FEFAD7A2CD03025756546778;1;154900;29431;184331
RA-6142;OC-MONTT3961;1113134;1;19/06/2026;19/07/2026;143;https://windte2606.acepta.com/v01/A626D54F4C22C16DC1DEB7F55A8B8890B12B7A93;1;1171370;222560;1393930
RA-6515;OC-MONTT3183;1120644;1;19/06/2026;19/07/2026;143;https://windte2606.acepta.com/v01/47DC1A6533FAF4113C325D124EE364907815AE3F;1;817105;155250;972355
RA-6140;OC-MONTT3658;1128431;1;22/06/2026;22/07/2026;143;https://windte2606.acepta.com/v01/634055637F291F5995464E53B5CA0041E8561EE5;1;675795;128401;804196
RA-6632;OC-MONTT4406;1130440;1;26/06/2026;26/07/2026;143;https://windte2606.acepta.com/v01/45C786BE593E1428DBBE0BE6FF083E8EF7BE772D;1;878690;166951;1045641
RA-6336;OC-MONTT4267;71953;1;25/06/2026;25/07/2026;143;https://windte2606.acepta.com/v01/EAAB7C3B97765740CE2901D2D5E5BB814C22ED13;1;33016;6273;39289
RA-6690;OC-MONTT4426;72011;1;30/06/2026;30/07/2026;143;https://windte2606.acepta.com/v01/26B81BDD278733C11EE8DCEC5D7ECA5C4F3A3305;1;36750;6983;43733
RA-5435;OC-MONTT3939;100018;1;15/06/2026;15/07/2026;143;https://windte2606.acepta.com/v01/D79E92C6E635D333BD554E4F1724FA9B213B6ADE;1;138350;26287;164637
RA-5434;OC-MONTT3938;100019;1;15/06/2026;15/07/2026;143;https://windte2606.acepta.com/v01/14B3A95520449D11088DD38EAB9D60182DC02467;1;108200;20558;128758
RA-6565;OC-MONTT4472;100629;1;30/06/2026;30/07/2026;143;https://windte2606.acepta.com/v01/DCDBFF4F7566F927E021D4820B3988165D1F64C0;1;97310;18489;115799
RA-6679;OC-MONTT4080;1445604;1;19/06/2026;19/07/2026;143;https://windte2606.acepta.com/v01/3480AF5040661881F28702D4B5DBC6C76FA1BDD5;1;152000;28880;180880
RA-6697;OC-MONTT4451;1446684;1;30/06/2026;30/07/2026;143;https://windte2606.acepta.com/v01/4EE3E7D1B654385C48B4491F933EA71007E2F202;1;23200;4408;27608
RA-6696;OC-MONTT4451;1446685;1;30/06/2026;30/07/2026;143;https://windte2606.acepta.com/v01/86C1502897800459C27A1DA2374FBB5BD907EFFA;1;138000;26220;164220
RA-4656;OC-MONTT3482;71758;1;17/06/2026;17/07/2026;143;https://windte2606.acepta.com/v01/20F543FBE7E3FD7D4538CCC26876D0416AA3D4F8;1;120000;22800;142800
RA-4780;OC-MONTT3598;71759;1;17/06/2026;17/07/2026;143;https://windte2606.acepta.com/v01/F2F72056DE22AF51639337CC62F16C3810746F93;1;120000;22800;142800
RA-5989;OC-MONTT4191;72208;1;25/06/2026;25/07/2026;143;https://windte2606.acepta.com/v01/86A344540197AF3344F809E0BCF3B7EEB7C141ED;1;120000;22800;142800
RA-4552;OC-MONTT3407;37503;1;18/06/2026;18/07/2026;143;https://windte2606.acepta.com/v01/877CD4D01A1A79ED34C751E19E4B2BF0E4174AD2;1;1650000;313500;196350
RA-5296;OC-MONTT3855;37506;1;18/06/2026;18/07/2026;143;https://windte2606.acepta.com/v01/9C76BF80390385805D44A7D23C25657CBF502F70;1;1901000;361190;2262190
RA-5978;OC-MONTT4164;37818;1;30/06/2026;30/07/2026;143;https://windte2606.acepta.com/v01/54AE237FE5572A3655ADD01FB4A7F310D3CE23E1;1;6727000;1278130;8005130
RA-6166;OC-MONTT4337;37820;1;30/06/2026;30/07/2026;143;https://windte2606.acepta.com/v01/EFA8C02C5698ACE28F024DD39CE3845E7DF1043D;1;2141000;406790;2547790
RA-5300;OC-MONTT3861;8252;1;15/06/2026;15/07/2026;143;https://windte2606.acepta.com/v01/B1A7B9B2695993113E5D7F0FB19806C408B83284;1;4376200;831478;5207678
RA-5309;OC-MONTT3879;8253;1;15/06/2026;15/07/2026;143;https://windte2606.acepta.com/v01/7F6A330621B27FFA372F0EF868B375941634CE3D;1;5947000;1129930;7076930
RA-5860;OC-MONTT4185;8287;1;22/06/2026;22/07/2026;143;https://windte2606.acepta.com/v01/F4FC1929797D50883CCED1E7B097C145F92F915F;1;450000;85500;535500
RA-6274;OC-MONTT4353;8361;1;26/06/2026;26/07/2026;143;https://windte2606.acepta.com/v01/4E9B00B5907353C23D6349AD6554803ED3E24BA4;1;7195000;1367050;8562050
RA-5629;OC-MONTT3943;265330;1;16/06/2026;16/07/2026;143;https://windte2606.acepta.com/v01/041186AC3DE878BAFCC166B9A9C15ED5B2F799A0;1;829500;157605;987105
RA-6694;OC-MONTT4454;266097;1;30/06/2026;30/07/2026;143;https://windte2606.acepta.com/v01/5303E49AAC1F5EC0A50A178700E0D37C21001B92;1;1962000;372780;2334780
RA-5121;OC-MONTT3709;11457;1;15/06/2026;15/07/2026;143;https://windte2606.acepta.com/v01/A2C385ED8EDF7E3E97E384E49E5373F682331FFE;1;480000;91200;571200
RA-6333;OC-MONTT4304;89876;1;24/06/2026;24/07/2026;143;https://windte2606.acepta.com/v01/4356215EF7F50540DA80DEE16C2CFBC277607829;1;97500;18525;116025
RA-6663;OC-MONTT4455;90064;1;30/06/2026;30/07/2026;143;https://windte2606.acepta.com/v01/1FFDDFE533BA71AC13966A22D52955A095A055B1;1;547416;104009;651425
RA-5518;OC-MONTT3828;2403;1;17/06/2026;17/07/2026;143;https://windte2606.acepta.com/v01/23B8B8522A2D9E7C58248DD6B9FB80BCC6C3080E;1;168050;31930;199980
RA-5725;OC-MONTT3762;842804;1;17/06/2026;17/07/2026;143;https://windte2606.acepta.com/v01/2E4654C05FBE43957FF76EB469C6CF84937A795C;1;1274250;242108;1516358
RA-6628;OC-MONTT4319;14909;1;26/06/2026;26/07/2026;143;https://windte2606.acepta.com/v01/CA46ABF1A789451C1DAE5007815A9CB9C5FF8F95;1;1369160;260140;1629300
RA-5326;OC-MONTT3900;3232100;1;15/06/2026;15/07/2026;143;https://windte2606.acepta.com/v01/4190269C3F27759CC35725992BDABF6EDEAABC7E;1;1020000;193800;1213800
RA-5325;OC-MONTT3898;3232103;1;15/06/2026;15/07/2026;143;https://windte2606.acepta.com/v01/286C880777AC03B1D10DCED0CEEE55C13FA66EA2;1;1300000;247000;1547000
RA-5579;OC-MONTT3997;3233036;1;18/06/2026;18/07/2026;143;https://windte2606.acepta.com/v01/32BFE46A2DEE38DC2960D4DEA7F15FB5FE5CC9C7;1;1376036;261447;1637483
RA-5589;OC-MONTT4007;3233062;1;18/06/2026;18/07/2026;143;https://windte2606.acepta.com/v01/22F7B9DC1131329702F9D890D749DB3727FE8191;1;1300000;247000;1547000
RA-6590;OC-MONTT4286;3236283;1;30/06/2026;30/07/2026;143;https://windte2606.acepta.com/v01/AD0F73F02245500DDDBD07B3940A1F966C53803A;1;1588504;301816;1890320
RA-3668;OC-MONTT2599;1225482;1;24/05/2026;24/05/2026;143;https://windte2605.acepta.com/v01/5493B0D57E5AE60B6B7C89D28A58B615F5590D60;1;504000;95760;599760
RA-5459;OC-MONTT3674;1231194;1;15/06/2026;15/07/2026;143;https://windte2606.acepta.com/v01/A8DC3E44A2A1881404A47FAE082B061EC57F012D;1;113263;21520;134783
RA-5460;OC-MONTT3674;1231195;1;15/06/2026;15/07/2026;143;https://windte2606.acepta.com/v01/CBAB34060B18B3C5ECE768F2EE92B9C1C5C75C1F;1;20820;3956;24776
RA-5465;OC-MONTT3691;1231464;1;16/06/2026;16/07/2026;143;https://windte2606.acepta.com/v01/569853E641EB8C08E4037899D22F99E582E71737;1;236250;44888;281138
RA-6228;OC-MONTT4214;1233395;1;23/06/2026;23/07/2026;143;https://windte2606.acepta.com/v01/935063FC2E24EFC87697D88F886D5B4B55F94588;1;525000;99750;624750
RA-6496;OC-MONTT4305;1233397;1;25/06/2026;25/07/2026;143;https://windte2606.acepta.com/v01/B3D82FEC17EC754080213E77FF72B4EFB2AD4988;1;236250;44888;281138
RA-6437;OC-MONTT4305;1233398;1;25/06/2026;25/07/2026;143;https://windte2606.acepta.com/v01/B5A6EAE2E0BC87ECFBD9277C9BB7FD742F45A5EA;1;378000;71820;449820
RA-6480;OC-MONTT4407;905688;1;26/06/2026;26/07/2026;143;https://windte2606.acepta.com/v01/790A02D82C42DD27FF868F5C25F7E7593DE2A251;1;58905;11192;70097
RA-6497;OC-MONTT4407;905689;1;26/06/2026;26/07/2026;143;https://windte2606.acepta.com/v01/DAF6AE037B1ABED045510004557DA3B5E07D52DC;1;18680;3549;22229
RA-6495;OC-MONTT4407;905690;1;26/06/2026;26/07/2026;143;https://windte2606.acepta.com/v01/87D5825073FD36F2854D5629D803C9272D3F032E;1;5800;1102;6902
RA-6750;OC-MONTT1967;1820602;1;30/06/2026;30/07/2026;143;https://windte2606.acepta.com/v01/E8C3638F22C07938FD0257701F770FEB582FB0CD;1;67800;12882;80682
RA-6751;OC-MONTT2248;1820603;1;30/06/2026;30/07/2026;143;https://windte2606.acepta.com/v01/89DA8215B12C48B69981807A71FECE6719D2B7F4;1;45200;8588;53788
RA-6322;OC-MONTT4233;1345535;1;23/06/2026;23/07/2026;143;https://windte2606.acepta.com/v01/BEB7CAA62C4CD75E7F7D4C7ABA7B1A70727DED66;1;275910;52423;328333
RA-6320;OC-MONTT4233;1345536;1;23/06/2026;23/07/2026;143;https://windte2606.acepta.com/v01/97F29132608D0F8FCB294C875BDAEBD23BCFB731;1;93550;17775;111325
RA-6475;OC-MONTT4328;786120;1;26/06/2026;26/07/2026;143;https://windte2606.acepta.com/v01/77D53AA719C1D681963D439801677234D0711B50;1;16902;3211;20113
RA-6558;OC-MONTT4330;1343948;1;26/06/2026;26/07/2026;143;https://windte2606.acepta.com/v01/3201C12516700B514C467362D20EEA3ED699B6D6;1;345810;65704;411514
RA-6559;OC-MONTT4330;1343949;1;26/06/2026;26/07/2026;143;https://windte2606.acepta.com/v01/F2107EB2F01885A205A395A249AA6510E4909490;1;48096;9138;57234
RA-6435;OC-MONTT4307;1343958;1;30/06/2026;30/07/2026;143;https://windte2606.acepta.com/v01/FA4B12554CC36025600FFC54F2D34E5DDAF86767;1;19848;3771;23619
RA-6560;OC-MONTT2711;1343959;1;30/06/2026;30/07/2026;143;https://windte2606.acepta.com/v01/A4E09676639103C15F2A66F7D892B1A5BEAF0814;1;33936;6448;40384
RA-6597;OC-MONTT4401;369914;1;26/05/2026;26/05/2026;143;https://windte2606.acepta.com/v01/D2EE397057AC2FBB5F13F64FD8BD0EC1BA6F2182;1;179500;34105;213605
RA-5770;OC-MONTT3273;19647;1;17/05/2026;17/05/2026;143;https://windte2606.acepta.com/v01/5C296C87DA83E271D81BACC38C78431139B8E68B;1;40000;7600;47600
RA-4116;OC-MONTT3034;1017796;1;15/06/2026;15/07/2026;143;https://windte2606.acepta.com/v01/97AC4BA5A448A0A60A905582C3907FBF79160061;1;62055;11790;73845
RA-5461;OC-MONTT3835;1018305;1;16/06/2026;16/07/2026;143;https://windte2606.acepta.com/v01/8B6AE2F29A9572403FAE56BB59C48B6B6F353669;1;58025;11025;69050
RA-3182;OC-MONTT2102;1018535;1;17/05/2026;17/05/2026;143;https://windte2606.acepta.com/v01/DAB393DBED93B23F892A5D094516F887E23822B9;1;26250;4988;31238
RA-4116;OC-MONTT3034;1021253;1;30/06/2026;30/07/2026;143;https://windte2606.acepta.com/v01/865D3E69E45296979ACFA71A2DB65B0554C1E5F1;1;471120;89513;560633
RA-5853;OC-MONTT4179;88064;1;22/06/2026;22/07/2026;143;https://windte2606.acepta.com/v01/55328EDF857180A7CA601F42F447FE710C6D0A54;1;398000;75620;473620
RA-6301;OC-MONTT4373;88349;1;26/06/2026;26/07/2026;143;https://windte2606.acepta.com/v01/0E2D8EDF1794CAB000C3829639EDEEC199A881DB;1;398000;75620;473620
RA-5838;OC-MONTT4170;37925;1;22/06/2026;22/07/2026;143;https://windte2606.acepta.com/v01/BCB9D7E7873F7BF1FC7C6CB3810B16FF8406B669;1;59000;11210;70210
RA-5127;OC-MONTT3627;221123;1;17/06/2026;17/07/2026;143;https://windte2606.acepta.com/v01/AA3B3A0C40E0B82A3FFD64F61D6EB3D26D3ABBFC;1;95200;18088;113288
RA-5223;OC-MONTT3720;221179;1;18/06/2026;18/07/2026;143;https://windte2606.acepta.com/v01/EEA0909CDEC83843DFDD22E8330FE27B5DC83062;1;107000;20330;127330
RA-5399;OC-MONTT3545;221232;1;18/06/2026;18/07/2026;143;https://windte2606.acepta.com/v01/63BB125183B59063AEB0C656D3EC7192ED2D7855;1;338000;64220;402220
RA-6356;OC-MONTT4325;221986;1;30/06/2026;30/07/2026;143;https://windte2606.acepta.com/v01/E3F2C45A14FE95760A44D5F50B1B9D21A6AA64CA;1;715100;135869;850969
RA-6428;OC-MONTT3627;222008;1;30/06/2026;30/07/2026;143;https://windte2606.acepta.com/v01/751A72FCB4336771EAE7CECC2D1B206DB986FBF0;1;11930;2267;14197
RA-6429;OC-MONTT4018;222010;1;30/06/2026;30/07/2026;143;https://windte2606.acepta.com/v01/277669957E3B37072705AFF104065CCAA5C2EB98;1;5965;1133;7098
RA-6364;OC-MONTT4422;222011;1;30/06/2026;30/07/2026;143;https://windte2606.acepta.com/v01/D31F1F6E51B43EF3369C259744AC0FC0D2FEA6F7;1;401400;76266;477666
RA-6366;OC-MONTT4308;1259852;1;26/06/2026;26/07/2026;143;https://windte2606.acepta.com/v01/33F0950403C9C70FCC69C7337C44216D303A9E12;1;3105395;590025;3695420
RA-6352;OC-MONTT4400;1259970;1;27/06/2026;27/07/2026;143;https://windte2606.acepta.com/v01/24B0B4F1AAAFDDD89894B04F32E1EB4B5F2DEF05;1;1000164;190031;1190195
RA-6470;OC-MONTT4393;578243;1;26/06/2026;26/07/2026;143;https://windte2606.acepta.com/v01/00807316BA9457D624E04B88D982F00272528967;1;27500;5225;32725
RA-5905;OC-MONTT3685;578298;1;26/06/2026;26/07/2026;143;https://windte2606.acepta.com/v01/16C6800ED731F460180E19D125B91AE7F4F375F7;1;55000;10450;65450
RA-5937;OC-MONTT4042;95252;1;17/06/2026;17/07/2026;143;https://windte2606.acepta.com/v01/E8CC36A84F6736FBB55A0EC5FDE42D1F7C7D2BD2;1;200000;38000;238000
RA-4794;OC-MONTT3463;458081;1;17/06/2026;17/07/2026;143;https://windte2606.acepta.com/v01/0B0AFA8B74AF6FBC6BABA9D8CC1186DE06E0825D;1;750311;142559;892870
RA-4925;OC-MONTT3526;458082;1;17/06/2026;17/07/2026;143;https://windte2606.acepta.com/v01/A5E8FDB1E9FC0F98F22CE2069FB26C67E0547A5B;1;1300000;247000;1547000
RA-4961;OC-MONTT3526;458083;1;17/06/2026;17/07/2026;143;https://windte2606.acepta.com/v01/B5AEDBFFC6341ACC3701BAEF0AEE1781663D26F1;1;1191735;226430;1418165
RA-5135;OC-MONTT3700;458085;1;17/06/2026;17/07/2026;143;https://windte2606.acepta.com/v01/B75FFACB02B4622C0CF6D4024F9FA3C6E7781D9E;1;2740000;520600;3260600
RA-3838;OC-MONTT2900;458347;1;22/06/2026;22/07/2026;143;https://windte2606.acepta.com/v01/7FCA4BF23095E255A10F80EA975B6B75FE7BCF21;1;918320;174481;1092801
RA-6042;OC-MONTT4132;458781;1;25/06/2026;25/07/2026;143;https://windte2606.acepta.com/v01/4D8B41A16A095D48A70AB80223949FC6ED1BF27D;1;2020000;383800;2403800
RA-5677;OC-MONTT3868;458783;1;25/06/2026;25/07/2026;143;https://windte2606.acepta.com/v01/908C1ADE3B50382029172493AFBF54A6FD6A2142;1;1430000;271700;1701700
RA-5464;OC-MONTT3652;458784;1;25/06/2026;25/07/2026;143;https://windte2606.acepta.com/v01/7985B250715C9B8765608ADB930853E7B99643C4;1;1605250;304998;1910248
RA-5463;OC-MONTT3156;458786;1;25/06/2026;25/07/2026;143;https://windte2606.acepta.com/v01/60E7BB71BCF21E5D0851EA1CF0477C91FB4BC539;1;2274120;432083;2706203
RA-6455;OC-MONTT4389;28871;1;26/06/2026;26/07/2026;143;https://windte2606.acepta.com/v01/047800CDD5FD3CA2907353B4B1AADDC8F124F472;1;420000;79800;499800
RA-6630;OC-MONTT4292;3713958;1;26/06/2026;26/07/2026;143;https://windte2606.acepta.com/v01/479C24BAA85AABDDC66F4F821BE3CEA5BA6B5586;1;263435;50053;313488
RA-6669;OC-MONTT4334;3713959;1;26/06/2026;26/07/2026;143;https://windte2606.acepta.com/v01/CAC1A51E3E247E9B241FD43AC289D167E454ACF2;1;559250;106258;665508
RA-5143;OC-MONTT3479;452986;1;16/06/2026;16/07/2026;143;https://windte2606.acepta.com/v01/FC9A6EE4DA526733F18386C8D6C7A4E90D6C7F97;1;110000;20900;130900
RA-5896;OC-MONTT4045;453541;1;26/06/2026;26/07/2026;143;https://windte2606.acepta.com/v01/D06F64DA50AF83F9639F7F5FBC698F1183F1F9CE;1;768080;145935;914015
RA-5136;OC-MONTT3479;453574;1;26/06/2026;26/07/2026;143;https://windte2606.acepta.com/v01/1258001465062F5297ECC73C83815148EFCA4E4C;1;247000;46930;293930
RA-5608;OC-MONTT3866;453622;1;30/06/2026;30/07/2026;143;https://windte2606.acepta.com/v01/8F536F30C2F1F10542B0641684DB0D2EF8CA6477;1;780000;148200;928200
RA-5712;OC-MONTT3888;453779;1;30/06/2026;30/07/2026;143;https://windte2606.acepta.com/v01/819C87525A2BE35F0C1AC7C93707F86CE7C9CD8D;1;164098;31179;195277
RA-5938;OC-MONTT4045;453784;1;30/06/2026;30/07/2026;143;https://windte2606.acepta.com/v01/1DF35827BEEB777E2587A42FE8BA5ABD71D8B303;1;220000;41800;261800
RA-5877;OC-MONTT4218;2295615;1;26/06/2026;26/07/2026;143;https://windte2606.acepta.com/v01/C15497DB8370AD55BD5DAEF77B688281EDC7D5A6;1;97572;18539;116111
RA-5994;OC-MONTT4238;2295616;1;26/06/2026;26/07/2026;143;https://windte2606.acepta.com/v01/965D0A680453DC2E321E4AE0F0981ADEE9DE08FD;1;195144;37077;232221
RA-5485;OC-MONTT3928;2295617;1;26/06/2026;26/07/2026;143;https://windte2606.acepta.com/v01/A8A7C892D4609753E1293ED592A75F2D1AD7CA17;1;195144;37077;232221
RA-5481;OC-MONTT3980;2295619;1;26/06/2026;26/07/2026;143;https://windte2606.acepta.com/v01/04C9F0B46D3777DE4AA0AC0C743568E304DF8BBC;1;97572;18539;116111
RA-5599;OC-MONTT4085;2295620;1;26/06/2026;26/07/2026;143;https://windte2606.acepta.com/v01/EB17059DA78FEE0C89DBC70CBB306A1FF62E06C4;1;97572;18539;116111
RA-5633;OC-MONTT4109;2295621;1;26/06/2026;26/07/2026;143;https://windte2606.acepta.com/v01/2F484E06487A91B36D605B79FA857C501F636111;1;97572;18539;116111
RA-5875;OC-MONTT4216;2295622;1;26/06/2026;26/07/2026;143;https://windte2606.acepta.com/v01/53CB3EE6A105EDE94908CE253FB7A84549203146;1;97572;18539;116111
RA-6067;OC-MONTT4309;2295625;1;26/06/2026;26/07/2026;143;https://windte2606.acepta.com/v01/9C1664EA705A2FEDACF126523E38CFE9733ABE7C;1;97572;18539;116111
RA-6067;OC-MONTT4309;2295628;1;26/06/2026;26/07/2026;143;https://windte2606.acepta.com/v01/429E5546315DB89D99142402A0B7C73768B3D429;1;98091;18637;116728
RA-6591;OC-MONTT4425;850396;1;30/06/2026;30/07/2026;143;https://windte2606.acepta.com/v01/BC8F0B42D42898B36772A7B42A0595EC447D30B3;1;1875420;356330;2231750
RA-5501;OC-MONTT3990;768;2;19/06/2026;19/07/2026;143;https://windte2606.acepta.com/v01/C494BCE248D739C0B15F0A1B83ACBACA8A23BBB0;1;1130000;;1130000
RA-5499;OC-MONTT3988;769;2;19/06/2026;19/07/2026;143;https://windte2606.acepta.com/v01/BB812C1C9A79C42F5BBAAE01DC636A5DBDDCDF74;1;750000;;750000
RA-5501;OC-MONTT3990;771;2;22/06/2026;22/07/2026;143;https://windte2606.acepta.com/v01/336B0D84A3DBF81CB577BF2C5E238CCF6EDA4AB7;1;1344700;;1344700
RA-6576;OC-MONTT4490;27436;1;30/06/2026;30/07/2026;143;https://windte2606.acepta.com/v01/7F5670CC73E1FDDF79A37FD18ED60A2D7E73FCB3;1;203571;38678;242249
RA-5845;OC-MONTT3777;10419;1;26/06/2026;26/07/2026;143;https://windte2606.acepta.com/v01/518B52E3EF653271B05E25396C5E3C81AA2E023A;1;121500;23085;144585
RA-4504;OC-MONTT3008;183240;1;19/05/2026;19/05/2026;143;https://windte2606.acepta.com/v01/2EE762E7AC0F5BD0341550CF2ABC85F3FFD2CBF6;1;238044;45228;283272
RA-2856;OC-MONTT2424;183689;1;25/06/2026;25/07/2026;143;https://windte2606.acepta.com/v01/748F67916E76C5DA251926F5BA49B2CA232D4DB1;1;1860000;353400;2213400
RA-4975;OC-MONTT3601;183695;1;25/06/2026;25/07/2026;143;https://windte2606.acepta.com/v01/945B4F8AEEEC7161CF21FD9184E17CB6D3111D47;1;1700000;323000;2023000
RA-4975;OC-MONTT3601;183765;1;26/06/2026;26/07/2026;143;https://windte2606.acepta.com/v01/5D5C275949961CDD3D7B75576152865E3447419C;1;1820000;345800;2165800
RA-1670;OC-MONTT1656;183775;1;26/06/2026;26/07/2026;143;https://windte2606.acepta.com/v01/FA10F99F3272AEB441D541703693AA59621AE80D;1;900000;171000;1071000
RA-5088;OC-MONTT3754;183776;1;26/06/2026;26/07/2026;143;https://windte2606.acepta.com/v01/BAC0476F3C53D75D293256DD45E69247EB349839;1;1860000;353400;2213400
RA-6237;OC-MONTT3629;183874;1;26/06/2026;26/07/2026;143;https://windte2606.acepta.com/v01/467341A2BEE377E5B67D085842DE549BDEB774E1;1;636098;120858;756956
RA-4830;OC-MONTT3487;11976;1;25/06/2026;25/07/2026;143;https://windte2606.acepta.com/v01/73D6D99CCB9021689C918008BBB0AEA38D330D89;1;291000;55290;346290
RA-5952;OC-MONTT4029;11979;1;25/06/2026;25/07/2026;143;https://windte2606.acepta.com/v01/2DE13D10A848D537CD0AC61080DDCC81BBBFC0B4;1;1095000;208050;1303050
RA-6059;OC-MONTT4194;11981;1;25/06/2026;25/07/2026;143;https://windte2606.acepta.com/v01/1347BFE0D6B6F31B3A357C2B3618C5EA3BFF394C;1;291000;55290;346290
RA-3880;OC-MONTT2172;807913;1;18/06/2026;18/07/2026;143;https://windte2606.acepta.com/v01/79F1E8B16E1734690F97EEF30A3F00B9F3A6C941;1;5660823;1075556;6736379
RA-3877;OC-MONTT2808;807962;1;19/06/2026;19/07/2026;143;https://windte2606.acepta.com/v01/7FC341F3010CF780F095F600D4AC355B23FC89F3;1;2688742;510861;3199603
RA-4781;OC-MONTT3345;807963;1;19/06/2026;19/07/2026;143;https://windte2606.acepta.com/v01/6C17EBF19352AEA0458AFDE4ACF71F3FB0A31273;1;871354;165557;1036911
RA-6623;OC-MONTT4377;291648;1;26/06/2026;26/07/2026;143;https://windte2606.acepta.com/v01/85710580BCFADCD0E1EAFC7B6CC4B3095613EBD2;1;108312;20579;128891
RA-5916;OC-MONTT3968;195417;1;18/06/2026;18/07/2026;143;https://windte2606.acepta.com/v01/B1B356140C0272653451EBE1B4A4106CF748BF71;1;345330;65613;410943
RA-5976;OC-MONTT4163;47055;1;25/06/2026;25/07/2026;143;https://windte2606.acepta.com/v01/0BF1E7860A8255DA0A8B800EE5552346336EE92E;1;1331596;253003;1584599
RA-6683;OC-MONTT4434;33658;1;30/06/2026;30/07/2026;143;https://windte2606.acepta.com/v01/91780E6F2A79545B48B86DEEC1F4C6293DF5119F;1;296000;56240;352240
RA-6622;OC-MONTT4456;12172;1;30/06/2026;30/07/2026;143;https://windte2606.acepta.com/v01/928AE302E9B54AF570BEF184E2C5264B6EEB1AD2;1;424220;80602;504822
RA-6693;OC-MONTT3561;7220;1;26/06/2026;26/07/2026;143;https://windte2606.acepta.com/v01/6672AEFA8F56B099FB709CB6B39E18B14E824311;1;290100;55119;345219
RA-5553;OC-MONTT3945;2295618;1;26/06/2026;26/07/2026;143;https://windte2606.acepta.com/v01/FC518B6DB06D699022BFF6499BE6BEE39B5DDB85;1;97572;18539;116111
RA-6585;OC-MONTT4230;14169;1;30/06/2026;30/07/2026;143;https://windte2606.acepta.com/v01/A0D3729C375CEC834C579A248DB826FD80788CF9;1;117500;22325;139825
RA-5749;OC-MONTT4010;1126708;1;30/06/2026;30/07/2026;143;https://windte2606.acepta.com/v01/8BECE7E9EA594A101BE9EB6A94871C0AC5B0E0F2;1;37160;7250;45410
RA-5637;OC-MONTT4087;2295628;1;26/06/2026;26/07/2026;143;https://windte2606.acepta.com/v01/429E5546315DB89D99142402A0B7C73768B3D429;1;98091;18637;116728
RA-6043;OC-MONTT4134;772049;1;22/06/2026;22/07/2026;143;https://windte2606.acepta.com/v01/AD9FE7183005D8FF6184116F36BA92448C7C7BE2;1;870487;165393;1035880
RA-6660;OC-MONTT4261;670125;1;30/06/2026;30/07/2026;143;https://windte2606.acepta.com/v01/478697F38432384C514559AF597EA6CB19DEED62;1;65790;12500;78290
RA-7167;OC-MONTT4330;1343948;1;26/06/2026;26/07/2026;143;https://windte2606.acepta.com/v01/3201C12516700B514C467362D20EEA3ED699B6D6;1;345810;65704;411514
RA-6561;OC-MONTT4307;1343958;1;30/06/2026;30/07/2026;143;https://windte2606.acepta.com/v01/FA4B12554CC36025600FFC54F2D34E5DDAF86767;1;19848;3771;23619
RA-6624;OC-MONTT4308;1259852;1;26/06/2026;26/07/2026;143;https://windte2606.acepta.com/v01/33F0950403C9C70FCC69C7337C44216D303A9E12;1;3105395;590025;3695420
RA-6592;OC-MONTT4400;1259970;1;27/06/2026;27/07/2026;143;https://windte2606.acepta.com/v01/24B0B4F1AAAFDDD89894B04F32E1EB4B5F2DEF05;1;1000164;190031;1190195
RA-6629;OC-MONTT4393;578243;1;26/06/2026;26/07/2026;143;https://windte2606.acepta.com/v01/00807316BA9457D624E04B88D982F00272528967;1;27500;5225;32725
RA-6666;OC-MONTT3685;578298;1;26/06/2026;26/07/2026;143;https://windte2606.acepta.com/v01/16C6800ED731F460180E19D125B91AE7F4F375F7;1;55000;10450;65450
RA-5671;OC-MONTT3561;7220;1;26/06/2026;26/07/2026;143;https://windte2606.acepta.com/v01/6672AEFA8F56B099FB709CB6B39E18B14E824311;1;290100;55119;345219
RA-5404;OC-MONTT3945;2295618;1;26/06/2026;26/07/2026;143;https://windte2606.acepta.com/v01/FC518B6DB06D699022BFF6499BE6BEE39B5DDB85;1;97572;18539;116111
RA-4504;OC-MONTT3008;183240;1;19/05/2026;19/05/2026;143;https://windte2606.acepta.com/v01/2EE762E7AC0F5BD0341550CF2ABC85F3FFD2CBF6;1;238044;45228;283272
RA-6980;OC-MONTT4154;85893;1;30/06/2026;30/07/2026;143;https://windte2606.acepta.com/v01/6E50A1BE20C768AD4CED0B7FB1E2CE3C894E911C;1;530200;110808;694008
RA-7165;OC-MONTT4315;426992;1;30/06/2026;30/07/2026;143;https://windte2606.acepta.com/v01/51AC3D2DF5A595899E388855A49137E91283FD95;1;900000;171000;1071000
RA-7130;OC-MONTT3426;673;1;26/06/2026;26/07/2026;143;https://windte2606.acepta.com/v01/1611798D4450C8AEC7FBA41A12CC6481960C0474;1;396500;75335;471835
RA-7049;OC-MONTT4207;2575720;1;25/06/2026;25/07/2026;143;https://windte2606.acepta.com/v01/8891CA2FFCC1D18EA607CC25301EAF44D32CDC3A;1;59980;11396;71376
RA-6983;OC-MONTT4153;453533;1;26/06/2026;26/07/2026;143;https://windte2606.acepta.com/v01/131AD019FA431CCEEE680449520ADC3E4BADAE8B;1;3255000;618450;3873450
RA-5375;OC-MONTT3546;807923;1;18/06/2026;18/07/2026;143;https://windte2606.acepta.com/v01/FF261DD9DAD0571300D26D931A2166036FF3A9E8;1;20906414;3972219;24878633
